Popularity,Runtime/hr ,TalkTime/hr,Comment/star
14488,7.159469,1.673904,3
72993,10.14174,1.032955,2
35948,6.830792,1.213192,7
42666,13.276369,0.54288,2
